Contract,churn_flag
Month-to-month,0.4270967741935484
One year,0.11269517990495587
Two year,0.02831858407079646
